<?xml version='1.0' encoding='UTF-8' ?>
<timeLogEntries>
  <time id="1" path="/No Proyecto/PSP0/Planning" start="@1424226752391" delta="7" />
  <time id="2" path="/No Proyecto/PSP0/Design" start="@1424227159802" delta="6" />
  <time id="3" path="/No Proyecto/PSP0/Code" start="@1424227541726" delta="18" />
  <time id="4" path="/No Proyecto/PSP0/Code" start="@1424294033384" delta="134" interrupt="1" />
  <time id="5" path="/No Proyecto/PSP0/Compile" start="@1424302125057" delta="11" />
  <time id="6" path="/No Proyecto/PSP0/Postmortem" start="@1424303485347" delta="4" />
  <time id="7" path="/No Proyecto/PSP1/Planning" start="@1428799248927" delta="19" />
  <time id="8" path="/No Proyecto/PSP1/Design" start="@1428800390459" delta="4" />
  <time id="9" path="/No Proyecto/PSP1/Code" start="@1428800611880" delta="87" />
  <time id="10" path="/No Proyecto/PSP1/Test" start="@1428805903528" delta="21" />
  <time id="11" path="/No Proyecto/PSP1/Postmortem" start="@1428807171429" delta="9" interrupt="2" />
  <time id="12" path="/No Proyecto/PSP1/Postmortem" start="@1428808579660" delta="4" />
  <time id="14" path="/No Proyecto/PSP2/Planning" start="@1429398182000" delta="38" />
  <time id="15" path="/No Proyecto/PSP2/Design" start="@1429400498000" delta="25" />
  <time id="16" path="/No Proyecto/PSP2/Design Review" start="@1429401977000" delta="9" />
  <time id="17" path="/No Proyecto/PSP2/Code" start="@1429402531000" delta="61" />
  <time id="18" path="/No Proyecto/PSP2/Code Review" start="@1429405590000" delta="51" />
  <time id="19" path="/No Proyecto/PSP2/Compile" start="@1429409230000" />
  <time id="20" path="/No Proyecto/PSP2/Test" start="@1429409262000" delta="11" />
  <time id="21" path="/No Proyecto/PSP2/Postmortem" start="@1429410500000" delta="8" />
  <time id="23" path="/No Proyecto/Entrega1BL/Planning" start="@1429049704000" delta="135" />
  <time id="24" path="/No Proyecto/Entrega1BL/Planning" start="@1429233024000" delta="185" />
  <time id="25" path="/No Proyecto/Entrega1BL/Planning" start="@1429462894000" delta="273" />
  <time id="26" path="/No Proyecto/Entrega1BL/Planning" start="@1431277977731" delta="7" />
  <time id="27" path="/No Proyecto/Entrega1BL/Planning" start="@1431279720210" delta="81" />
  <time id="28" path="/No Proyecto/Entrega1BL/Design" start="@1431284664258" delta="9" />
  <time id="29" path="/No Proyecto/Entrega1BL/Design Review" start="@1431461015610" delta="2" />
  <time id="30" path="/No Proyecto/Entrega1BL/Code" start="@1431461202741" delta="7" interrupt="3" />
  <time id="31" path="/No Proyecto/Entrega1BL/Code" start="@1431462099601" delta="4" interrupt="3" />
  <time id="32" path="/No Proyecto/Entrega1BL/Code" start="@1431462825930" delta="7" />
  <time id="33" path="/No Proyecto/Entrega1BL/Code" start="@1431463806579" delta="2" />
  <time id="34" path="/No Proyecto/Entrega1BL/Code" start="@1431464353811" delta="23" interrupt="3" />
  <time id="35" path="/No Proyecto/Entrega1BL/Code" start="@1431466166227" delta="4" />
  <time id="36" path="/No Proyecto/Entrega1BL/Code Review" start="@1431466418062" delta="6" interrupt="6" />
  <time id="37" path="/No Proyecto/Entrega1BL/Compile" start="@1431467149994" delta="1" />
  <time id="38" path="/No Proyecto/Entrega1BL/Test" start="@1431467211234" delta="1" />
  <time id="39" path="/No Proyecto/Entrega1BL/Test" start="@1431565751803" delta="5" />
  <time id="40" path="/No Proyecto/Entrega1BL/Postmortem" start="@1431566030383" delta="9" />
  <time id="41" path="/No Proyecto/Entrega1Entidades/Planning" start="@1431094245000" delta="13" />
  <time id="42" path="/No Proyecto/Entrega1Entidades/Design" start="@1431095014000" delta="9" />
  <time id="43" path="/No Proyecto/Entrega1Entidades/Design Review" start="@1431095601000" delta="2" />
  <time id="44" path="/No Proyecto/Entrega1Entidades/Code" start="@1431095716000" delta="15" />
  <time id="45" path="/No Proyecto/Entrega1Entidades/Code Review" start="@1431100952000" delta="4" />
  <time id="46" path="/No Proyecto/Entrega1Entidades/Code" start="@1431098232000" delta="14" />
  <time id="47" path="/No Proyecto/Entrega1Entidades/Code" start="@1431100114000" delta="9" />
  <time id="48" path="/No Proyecto/Entrega1Entidades/Compile" start="@1431101227000" delta="1" />
  <time id="49" path="/No Proyecto/Entrega1Entidades/Test" start="@1431101595000" delta="12" />
  <time id="50" path="/No Proyecto/Entrega1Entidades/Postmortem" start="@1431102373000" delta="4" />
  <time id="51" path="/No Proyecto/Entrega2GeneracionLecturaXmlYAlmacenamiento/Planning" start="@1432846841000" delta="68" />
  <time id="52" path="/No Proyecto/Entrega2GeneracionLecturaXmlYAlmacenamiento/Planning" start="@1432850967000" delta="40" />
  <time id="53" path="/No Proyecto/Entrega2GeneracionLecturaXmlYAlmacenamiento/Design" start="@1432853849956" delta="20" />
  <time id="54" path="/No Proyecto/Entrega2GeneracionLecturaXmlYAlmacenamiento/Design Review" start="@1432855040331" delta="3" />
  <time id="55" path="/No Proyecto/Entrega2GeneracionLecturaXmlYAlmacenamiento/Code" start="@1432855195293" delta="24" interrupt="4" />
  <time id="56" path="/No Proyecto/Entrega2GeneracionLecturaXmlYAlmacenamiento/Code" start="@1432857471618" delta="2" />
  <time id="57" path="/No Proyecto/Entrega2GeneracionLecturaXmlYAlmacenamiento/Code" start="@1432858669616" delta="20" />
  <time id="58" path="/No Proyecto/Entrega2GeneracionLecturaXmlYAlmacenamiento/Code" start="@1432933270709" delta="57" />
  <time id="59" path="/No Proyecto/Entrega2GeneracionLecturaXmlYAlmacenamiento/Code Review" start="@1432936702364" delta="19" interrupt="8" />
  <time id="60" path="/No Proyecto/Entrega2GeneracionLecturaXmlYAlmacenamiento/Test" start="@1432938379166" delta="13" interrupt="14" />
  <time id="61" path="/No Proyecto/Entrega2GeneracionLecturaXmlYAlmacenamiento/Test" start="@1432940382686" delta="3" />
  <time id="62" path="/No Proyecto/Entrega2GeneracionLecturaXmlYAlmacenamiento/Test" start="@1432941486713" delta="2" />
  <time id="63" path="/No Proyecto/Entrega2GeneracionLecturaXmlYAlmacenamiento/Test" start="@1432942434039" delta="1" />
  <time id="65" path="/No Proyecto/Entrega2GeneracionLecturaXmlYAlmacenamiento/Postmortem" start="@1432944109799" delta="20" />
  <time id="66" path="/No Proyecto/EntregaFinalBLDAL/Planning" start="@1433974687000" delta="125" />
  <time id="67" path="/No Proyecto/EntregaFinalBLDAL/Design" start="@1433982261305" delta="16" />
  <time id="68" path="/No Proyecto/EntregaFinalBLDAL/Design Review" start="@1433983249008" delta="5" />
  <time id="69" path="/No Proyecto/EntregaFinalBLDAL/Code" start="@1433983564938" delta="23" interrupt="5" />
</timeLogEntries>
