<?xml version='1.0' encoding='UTF-8' ?>
<timeLogEntries>
  <time id="1" path="/No Proyecto/PSP0/Planning" start="@1424224032296" delta="18" />
  <time id="2" path="/No Proyecto/PSP0/Design" start="@1424225086618" delta="1" />
  <time id="3" path="/No Proyecto/PSP0/Design" start="@1424225246807" delta="12" interrupt="3" />
  <time id="4" path="/No Proyecto/PSP0/Code" start="@1424226213873" delta="30" interrupt="4" />
  <time id="5" path="/No Proyecto/PSP0/Code" start="@1424230659904" delta="5" />
  <time id="6" path="/No Proyecto/PSP0/Code" start="@1424231404503" delta="41" interrupt="4" />
  <time id="7" path="/No Proyecto/PSP0/Code" start="@1424234583259" delta="41" interrupt="4" />
  <time id="8" path="/No Proyecto/PSP0/Code" start="@1424237848646" delta="4" />
  <time id="9" path="/No Proyecto/PSP0/Code" start="@1424238717453" delta="17" interrupt="3" />
  <time id="10" path="/No Proyecto/PSP0/Code" start="@1424240195637" delta="10" />
  <time id="11" path="/No Proyecto/PSP0/Code" start="@1424241979837" delta="3" />
  <time id="12" path="/No Proyecto/PSP0/Compile" start="@1424242166141" delta="7" />
  <time id="13" path="/No Proyecto/PSP0/Test" start="@1424242588979" delta="10" />
  <time id="16" path="/No Proyecto/PSP0/Postmortem" start="@1424242860000" delta="15" />
  <time id="17" path="/No Proyecto/PSP1/Planning" start="@1428872380545" delta="12" interrupt="4" />
  <time id="18" path="/No Proyecto/PSP1/Planning" start="@1428873498106" delta="2" />
  <time id="19" path="/No Proyecto/PSP1/Design" start="@1428873647889" delta="4" interrupt="1" />
  <time id="20" path="/No Proyecto/PSP1/Design" start="@1428874488001" delta="5" />
  <time id="21" path="/No Proyecto/PSP1/Code" start="@1429489477126" delta="109" />
  <time id="22" path="/No Proyecto/PSP1/Compile" start="@1429496042891" delta="5" />
  <time id="23" path="/No Proyecto/PSP1/Test" start="@1429496330965" delta="1" />
  <time id="24" path="/No Proyecto/PSP1/Postmortem" start="@1429496420460" delta="17" />
  <time id="25" path="/No Proyecto/PSP2/Planning" start="@1431047131000" delta="9" />
  <time id="26" path="/No Proyecto/PSP2/Design" start="@1431047712000" delta="10" />
  <time id="27" path="/No Proyecto/PSP2/Design Review" start="@1431048378000" delta="5" />
  <time id="28" path="/No Proyecto/PSP2/Code" start="@1431048468000" delta="15" />
  <time id="29" path="/No Proyecto/PSP2/Code" start="@1431050372000" delta="25" />
  <time id="30" path="/No Proyecto/PSP2/Code" start="@1431051138000" delta="45" />
  <time id="31" path="/No Proyecto/PSP2/Code" start="@1431056243000" delta="12" />
  <time id="32" path="/No Proyecto/PSP2/Code" start="@1431057178000" delta="30" />
  <time id="33" path="/No Proyecto/PSP2/Code" start="@1431060048000" delta="45" />
  <time id="34" path="/No Proyecto/PSP2/Code Review" start="@1431060236000" delta="7" />
  <time id="35" path="/No Proyecto/PSP2/Compile" start="@1431060662000" delta="1" />
  <time id="36" path="/No Proyecto/PSP2/Test" start="@1431060888000" delta="13" />
  <time id="37" path="/No Proyecto/PSP2/Postmortem" start="@1431062852000" delta="18" />
  <time id="38" path="/No Proyecto/PSP2_entrega1/Planning" start="@1429049753000" delta="130" />
  <time id="39" path="/No Proyecto/PSP2_entrega1/Planning" start="@1429233010000" delta="200" />
  <time id="40" path="/No Proyecto/PSP2_entrega1/Planning" start="@1429586529000" delta="80" />
  <time id="41" path="/No Proyecto/PSP2_entrega1/Planning" start="@1431264199000" delta="50" />
  <time id="42" path="/No Proyecto/PSP2_entrega1/Design" start="@1431010812000" delta="55" interrupt="80" />
  <time id="43" path="/No Proyecto/PSP2_entrega1/Design" start="@1431275089000" interrupt="76" />
  <time id="44" path="/No Proyecto/PSP2_entrega1/Design Review" start="@1431283057000" delta="30" />
  <time id="45" path="/No Proyecto/PSP2_entrega1/Code" start="@1431286929000" delta="16" />
  <time id="46" path="/No Proyecto/PSP2_entrega1/Code" start="@1431299057000" delta="40" />
  <time id="47" path="/No Proyecto/PSP2_entrega1/Code" start="@1431315775000" delta="50" />
  <time id="48" path="/No Proyecto/PSP2_entrega1/Code" start="@1431722320000" delta="270" />
  <time id="49" path="/No Proyecto/PSP2_entrega1/Code Review" start="@1431750859000" delta="15" />
  <time id="50" path="/No Proyecto/PSP2_entrega1/Compile" start="@1431751802000" delta="3" />
  <time id="51" path="/No Proyecto/PSP2_entrega1/Test" start="@1431791759000" delta="26" />
  <time id="52" path="/No Proyecto/PSP2_entrega1/Postmortem" start="@1431804253000" delta="10" />
  <time id="53" path="/No Proyecto/PSP2_entrega2/Planning" start="@1433379069000" delta="10" />
  <time id="54" path="/No Proyecto/PSP2_entrega2/Design" start="@1433379098000" delta="2" />
  <time id="55" path="/No Proyecto/PSP2_entrega2/Design Review" start="@1433379119000" delta="1" />
  <time id="56" path="/No Proyecto/PSP2_entrega2/Code" start="@1433379204000" delta="11" />
  <time id="57" path="/No Proyecto/PSP2_entrega2/Code Review" start="@1433379226000" delta="1" />
  <time id="58" path="/No Proyecto/PSP2_entrega2/Compile" start="@1433379263000" delta="1" />
  <time id="59" path="/No Proyecto/PSP2_entrega2/Test" start="@1433379272000" delta="2" />
  <time id="60" path="/No Proyecto/PSP2_entrega2/Postmortem" start="@1433379359000" delta="2" />
  <time id="61" path="/No Proyecto/PSP2_entrega3/Planning" start="@1434499231000" delta="133" />
  <time id="62" path="/No Proyecto/PSP2_entrega3/Design" start="@1434592110000" delta="34" />
  <time id="63" path="/No Proyecto/PSP2_entrega3/Design Review" start="@1434593040000" delta="10" />
  <time id="64" path="/No Proyecto/PSP2_entrega3/Code" start="@1434669422000" delta="421" />
  <time id="65" path="/No Proyecto/PSP2_entrega3/Code Review" start="@1434694912000" delta="10" />
  <time id="66" path="/No Proyecto/PSP2_entrega3/Compile" start="@1434761477000" delta="4" />
  <time id="67" path="/No Proyecto/PSP2_entrega3/Test" start="@1434763943000" delta="21" />
  <time id="68" path="/No Proyecto/PSP2_entrega3/Postmortem" start="@1434805490000" delta="23" />
</timeLogEntries>
