<?xml version='1.0' encoding='UTF-8' ?>
<timeLogEntries>
  <time id="1" path="/No Proyecto/PSP0/Planning" start="@1424059590908" delta="22" />
  <time id="2" path="/No Proyecto/PSP0/Design" start="@1424060931498" delta="20" interrupt="34" />
  <time id="3" path="/No Proyecto/PSP0/Design" start="@1424225061431" delta="2" />
  <time id="4" path="/No Proyecto/PSP0/Code" start="@1424226793211" delta="85" interrupt="4" />
  <time id="5" path="/No Proyecto/PSP0/Code" start="@1424236141360" delta="6" />
  <time id="6" path="/No Proyecto/PSP0/Code" start="@1424257530378" delta="118" />
  <time id="7" path="/No Proyecto/PSP0/Compile" start="@1424264593236" delta="6" />
  <time id="8" path="/No Proyecto/PSP0/Code" start="@1424269065986" delta="21" />
  <time id="9" path="/No Proyecto/PSP0/Compile" start="@1424270546917" delta="1" interrupt="50" />
  <time id="10" path="/No Proyecto/PSP0/Test" start="@1424273671505" delta="14" />
  <time id="11" path="/No Proyecto/PSP0/Postmortem" start="@1424276788363" delta="5" />
  <time id="12" path="/No Proyecto/PSP0/Postmortem" start="@1424616649168" delta="7" />
  <time id="13" path="/No Proyecto/PSP0/Postmortem" start="@1424627664121" delta="4" />
  <time id="14" path="/No Proyecto/PSP1/Planning" start="@1428108992255" delta="7" />
  <time id="15" path="/No Proyecto/PSP1/Planning" start="@1428112313989" delta="122" interrupt="9" />
  <time id="16" path="/No Proyecto/PSP1/Design" start="@1428120225613" delta="30" />
  <time id="17" path="/No Proyecto/PSP1/Design" start="@1428122861374" delta="2" />
  <time id="18" path="/No Proyecto/PSP1/Code" start="@1428122974690" delta="53" interrupt="7" />
  <time id="19" path="/No Proyecto/PSP1/Code" start="@1428169140895" delta="25" />
  <time id="20" path="/No Proyecto/PSP1/Code" start="@1428174411192" delta="43" />
  <time id="21" path="/No Proyecto/PSP1/Code" start="@1428180203109" delta="64" />
  <time id="22" path="/No Proyecto/PSP1/Test" start="@1428184088367" delta="9" interrupt="2" />
  <time id="23" path="/No Proyecto/PSP1/Test" start="@1428185338263" delta="2" />
  <time id="25" path="/No Proyecto/PSP1/Test" start="@1428185461648" delta="29" />
  <time id="24" path="/No Proyecto/PSP1/Compile" start="@1428184022000" delta="1" />
  <time id="26" path="/No Proyecto/PSP1/Postmortem" start="@1428187198336" delta="23" interrupt="127" />
  <time id="27" path="/No Proyecto/PSP2/Planning" start="@1430985599000" delta="21" />
  <time id="28" path="/No Proyecto/PSP2/Planning" start="@1430986848000" delta="17" />
  <time id="29" path="/No Proyecto/PSP2/Design" start="@1430987895000" delta="5" />
  <time id="30" path="/No Proyecto/PSP2/Design Review" start="@1430988201000" delta="7" />
  <time id="31" path="/No Proyecto/PSP2/Code" start="@1430988625000" delta="32" />
  <time id="32" path="/No Proyecto/PSP2/Planning" start="@1430990522000" delta="1" />
  <time id="33" path="/No Proyecto/PSP2/Design Review" start="@1430990623000" delta="1" />
  <time id="34" path="/No Proyecto/PSP2/Code" start="@1430990708000" delta="26" />
  <time id="35" path="/No Proyecto/PSP2/Code" start="@1430992292000" delta="67" />
  <time id="36" path="/No Proyecto/PSP2/Code Review" start="@1430996326000" delta="4" />
  <time id="37" path="/No Proyecto/PSP2/Code Review" start="@1430996608000" delta="2" />
  <time id="38" path="/No Proyecto/PSP2/Test" start="@1430996734000" delta="6" />
  <time id="39" path="/No Proyecto/PSP2/Postmortem" start="@1431010686000" delta="7" />
  <time id="40" path="/No Proyecto/PSP2/Postmortem" start="@1431033219000" delta="4" />
  <time id="41" path="/No Proyecto/PSP2/Postmortem" start="@1431033472000" delta="14" />
</timeLogEntries>
