<?xml version='1.0' encoding='UTF-8' ?>
<timeLogEntries>
  <time id="42" path="/No Proyecto/PSP2_Entrega1/Planning" start="@1429049753000" delta="135" flag="A" />
  <time id="43" path="/No Proyecto/PSP2_Entrega1/Planning" start="@1429233010000" delta="185" flag="A" />
  <time id="44" path="/No Proyecto/PSP2_Entrega1/Planning" start="@1429586529000" delta="75" flag="A" />
  <time id="45" path="/No Proyecto/PSP2_Entrega1/Planning" start="@1431264199000" delta="89" flag="A" />
  <time id="46" path="/No Proyecto/PSP2_Entrega1/Design" start="@1431010812000" delta="133" flag="A" />
  <time id="47" path="/No Proyecto/PSP2_Entrega1/Design" start="@1431275089000" delta="76" flag="A" />
  <time id="48" path="/No Proyecto/PSP2_Entrega1/Design Review" start="@1431283057000" delta="20" flag="A" />
  <time id="49" path="/No Proyecto/PSP2_Entrega1/Code" start="@1431286929000" delta="12" flag="A" />
  <time id="50" path="/No Proyecto/PSP2_Entrega1/Code" start="@1431315775000" delta="67" flag="A" />
  <time id="51" path="/No Proyecto/PSP2_Entrega1/Code" start="@1431299057000" delta="38" flag="A" />
  <time id="52" path="/No Proyecto/PSP2_Entrega1/Code" start="@1431722320000" delta="254" flag="A" />
  <time id="53" path="/No Proyecto/PSP2_Entrega1/Code" start="@1431746217000" delta="35" flag="A" />
  <time id="54" path="/No Proyecto/PSP2_Entrega1/Code Review" start="@1431750859000" delta="16" flag="A" />
  <time id="55" path="/No Proyecto/PSP2_Entrega1/Compile" start="@1431751802000" delta="1" flag="A" />
  <time id="56" path="/No Proyecto/PSP2_Entrega1/Test" start="@1431791759000" delta="26" flag="A" />
  <time id="57" path="/No Proyecto/PSP2_Entrega1/Postmortem" start="@1431804253000" delta="17" flag="A" />
</timeLogEntries>
