<?xml version='1.0' encoding='UTF-8' ?>
<timeLogEntries>
  <time path="/No Proyecto/EntregaFinalWebAdministrador&#10;/No Proyecto/EntregaFinalWebGestionUsuarios" flag="R" />
  <time id="76" path="/No Proyecto/EntregaFinalWebGestionUsuarios/Planning" start="@1434376856923" delta="5" flag="A" />
  <time id="77" path="/No Proyecto/EntregaFinalWebGestionUsuarios/Planning" start="@1434377776192" delta="13" flag="A" />
  <time id="78" path="/No Proyecto/EntregaFinalWebGestionUsuarios/Planning" start="@1434379165285" delta="3" flag="A" />
  <time id="79" path="/No Proyecto/EntregaFinalWebGestionUsuarios/Planning" start="@1434379522929" delta="7" flag="A" />
  <time id="80" path="/No Proyecto/EntregaFinalWebGestionUsuarios/Planning" start="@1434379950029" delta="22" flag="A" />
  <time id="81" path="/No Proyecto/EntregaFinalWebGestionUsuarios/Planning" start="@1434381270897" delta="3" flag="A" />
  <time id="82" path="/No Proyecto/EntregaFinalWebGestionUsuarios/Planning" start="@1434382520898" delta="40" flag="A" />
  <time id="83" path="/No Proyecto/EntregaFinalWebGestionUsuarios/Design" start="@1434384944431" delta="1" flag="A" />
  <time id="84" path="/No Proyecto/EntregaFinalWebGestionUsuarios/Design" start="@1434385510434" delta="14" flag="A" />
  <time id="85" path="/No Proyecto/EntregaFinalWebGestionUsuarios/Design Review" start="@1434386326319" delta="2" interrupt="10" flag="A" />
  <time id="86" path="/No Proyecto/EntregaFinalWebGestionUsuarios/Code" start="@1434387060421" delta="74" interrupt="11" flag="A" />
  <time id="87" path="/No Proyecto/EntregaFinalWebGestionUsuarios/Code Review" start="@1434392165863" delta="12" interrupt="19" flag="A" />
  <time id="88" path="/No Proyecto/EntregaFinalWebGestionUsuarios/Compile" start="@1434394056354" delta="1" interrupt="1" flag="A" />
  <time id="89" path="/No Proyecto/EntregaFinalWebGestionUsuarios/Test" start="@1434394286222" delta="13" interrupt="4" flag="A" />
  <time id="90" path="/No Proyecto/EntregaFinalWebGestionUsuarios/Postmortem" start="@1434395305905" delta="12" interrupt="44" flag="A" />
</timeLogEntries>
