<?xml version='1.0' encoding='UTF-8' ?>
<timeLogEntries>
  <time id="73" path="/No Proyecto/PSP2 EntregaFinal/Planning" start="@1434491536000" delta="11" flag="A" />
  <time id="74" path="/No Proyecto/PSP2 EntregaFinal/Design" start="@1434492217000" delta="3" flag="A" />
  <time id="75" path="/No Proyecto/PSP2 EntregaFinal/Design Review" start="@1434496002000" delta="5" flag="A" />
  <time id="76" path="/No Proyecto/PSP2 EntregaFinal/Code" start="@1434496320000" delta="24" flag="A" />
  <time id="77" path="/No Proyecto/PSP2 EntregaFinal/Code Review" start="@1434508559000" delta="6" flag="A" />
  <time id="78" path="/No Proyecto/PSP2 EntregaFinal/Compile" start="@1434512541000" delta="4" flag="A" />
  <time id="79" path="/No Proyecto/PSP2 EntregaFinal/Test" start="@1434512771000" delta="10" flag="A" />
  <time id="80" path="/No Proyecto/PSP2 EntregaFinal/Postmortem" start="@1434513384000" delta="6" flag="A" />
  <time id="81" path="/No Proyecto/PSP2 EntregaFinal/Code" start="@1434497703000" delta="30" flag="A" />
  <time id="82" path="/No Proyecto/PSP2 EntregaFinal/Code" start="@1434498346000" delta="110" flag="A" />
  <time id="83" path="/No Proyecto/PSP2 EntregaFinal/Code" start="@1434848471000" delta="80" flag="A" />
</timeLogEntries>
