<?xml version='1.0' encoding='UTF-8' ?>
<timeLogEntries>
  <time id="1" path="/No Proyecto/PSP0/Planning" start="@1430488424000" delta="20" />
  <time id="2" path="/No Proyecto/PSP0/Design" start="@1430575033000" delta="15" />
  <time id="3" path="/No Proyecto/PSP0/Code" start="@1430575827000" delta="33" />
  <time id="4" path="/No Proyecto/PSP0/Code" start="@1430581230000" delta="12" />
  <time id="5" path="/No Proyecto/PSP0/Code" start="@1430582376000" delta="30" />
  <time id="6" path="/No Proyecto/PSP0/Code" start="@1430584414000" delta="13" />
  <time id="7" path="/No Proyecto/PSP2_Entrega1/Planning" start="@1431277993000" delta="7" />
  <time id="8" path="/No Proyecto/PSP2_Entrega1/Planning" start="@1431279735591" delta="22" />
  <time id="9" path="/No Proyecto/PSP2_Entrega1/Planning" start="@1431283801533" delta="16" />
  <time id="10" path="/No Proyecto/PSP2_Entrega1/Design" start="@1431284771589" delta="8" />
  <time id="11" path="/No Proyecto/PSP2_Entrega1/Design" start="@1431285821799" delta="17" />
  <time id="12" path="/No Proyecto/PSP2_Entrega1/Design Review" start="@1431286847282" delta="5" />
  <time id="13" path="/No Proyecto/PSP2_Entrega1/Code" start="@1431287176611" delta="9" interrupt="11" />
  <time id="14" path="/No Proyecto/PSP2_Entrega1/Code" start="@1431290857512" delta="44" />
  <time id="15" path="/No Proyecto/PSP2_Entrega1/Code" start="@1431303185808" delta="97" />
  <time id="16" path="/No Proyecto/PSP2_Entrega1/Code" start="@1431460943375" delta="7" />
  <time id="17" path="/No Proyecto/PSP2_Entrega1/Code" start="@1431465047722" delta="48" />
  <time id="18" path="/No Proyecto/PSP2_Entrega1/Code" start="@1431470041356" delta="62" />
  <time id="19" path="/No Proyecto/PSP2_Entrega1/Code Review" start="@1431635321748" delta="1" />
  <time id="20" path="/No Proyecto/PSP2_Entrega1/Compile" start="@1431635404777" delta="1" />
  <time id="21" path="/No Proyecto/PSP2_Entrega1/Test" start="@1431635470605" delta="9" />
  <time id="22" path="/No Proyecto/PSP2_Entrega1/Test" start="@1431635993347" delta="69" />
  <time id="23" path="/No Proyecto/PSP0/Code" start="@1430610432000" delta="25" interrupt="987" />
  <time id="24" path="/No Proyecto/PSP0/Code Review" start="@1430584783000" delta="5" />
  <time id="25" path="/No Proyecto/PSP0/Test" start="@1430584909000" delta="5" />
  <time id="26" path="/No Proyecto/PSP1/Planning" start="@1430864086000" delta="3" interrupt="6" />
  <time id="27" path="/No Proyecto/PSP1/Planning" start="@1430872991000" delta="30" interrupt="23" />
  <time id="28" path="/No Proyecto/PSP1/Design" start="@1430884028000" delta="24" />
  <time id="29" path="/No Proyecto/PSP1/Code" start="@1430885443000" delta="42" />
  <time id="30" path="/No Proyecto/PSP1/Code" start="@1430921995000" delta="57" />
  <time id="31" path="/No Proyecto/PSP1/Code" start="@1430927148000" delta="51" />
  <time id="32" path="/No Proyecto/PSP1/Code" start="@1430945852000" delta="30" />
  <time id="33" path="/No Proyecto/PSP1/Code" start="@1430947822000" delta="32" interrupt="5" />
  <time id="34" path="/No Proyecto/PSP1/Postmortem" start="@1430952697000" delta="12" />
  <time id="35" path="/No Proyecto/PSP2/Planning" start="@1431092116000" delta="30" />
  <time id="36" path="/No Proyecto/PSP2/Design" start="@1431093889000" delta="27" />
  <time id="37" path="/No Proyecto/PSP2/Design Review" start="@1431100689000" delta="5" />
  <time id="38" path="/No Proyecto/PSP2/Code" start="@1431107930000" delta="166" />
  <time id="42" path="/No Proyecto/PSP2/Code Review" start="@1431111612000" delta="5" />
  <time id="43" path="/No Proyecto/PSP2/Compile" start="@1431113402000" delta="3" />
  <time id="44" path="/No Proyecto/PSP2/Test" start="@1431115284000" delta="30" />
  <time id="45" path="/No Proyecto/PSP2/Postmortem" start="@1431115310000" delta="10" />
  <time id="46" path="/No Proyecto/PSP2/Planning" start="@1431097361000" />
  <time id="47" path="/No Proyecto/PSP2 DAL/Planning" start="@1431277993000" delta="7" />
  <time id="48" path="/No Proyecto/PSP2 DAL/Planning" start="@1431279735000" delta="22" />
  <time id="49" path="/No Proyecto/PSP2 DAL/Planning" start="@1431283801000" delta="16" />
  <time id="50" path="/No Proyecto/PSP2 DAL/Planning" start="@1431832361000" delta="10" />
  <time id="51" path="/No Proyecto/PSP2 DAL/Design" start="@1431284771000" delta="8" />
  <time id="52" path="/No Proyecto/PSP2 DAL/Design" start="@1431285821000" delta="17" />
  <time id="53" path="/No Proyecto/PSP2 DAL/Design Review" start="@1431286847000" delta="5" />
  <time id="54" path="/No Proyecto/PSP2 DAL/Code" start="@1431287176000" delta="9" />
  <time id="55" path="/No Proyecto/PSP2 DAL/Code" start="@1431290857000" delta="44" />
  <time id="56" path="/No Proyecto/PSP2 DAL/Code" start="@1431303185000" delta="97" />
  <time id="57" path="/No Proyecto/PSP2 DAL/Code" start="@1431460943000" delta="7" />
  <time id="58" path="/No Proyecto/PSP2 DAL/Code" start="@1431465047000" delta="48" />
  <time id="59" path="/No Proyecto/PSP2 DAL/Code" start="@1431470041000" delta="62" />
  <time id="60" path="/No Proyecto/PSP2 DAL/Code Review" start="@1431635321000" delta="1" />
  <time id="61" path="/No Proyecto/PSP2 DAL/Compile" start="@1431635404000" delta="1" />
  <time id="62" path="/No Proyecto/PSP2 DAL/Test" start="@1431635470000" delta="9" />
  <time id="63" path="/No Proyecto/PSP2 DAL/Test" start="@1431635993000" delta="69" />
  <time id="64" path="/No Proyecto/PSP2 Entrega 2/Planning" start="@1433199684000" delta="103" />
  <time id="65" path="/No Proyecto/PSP2 Entrega 2/Design" start="@1433205841000" delta="3" />
  <time id="66" path="/No Proyecto/PSP2 Entrega 2/Design Review" start="@1433206046000" delta="2" />
  <time id="67" path="/No Proyecto/PSP2 Entrega 2/Code" start="@1433206146000" delta="49" />
  <time id="68" path="/No Proyecto/PSP2 Entrega 2/Code" start="@1433217917000" delta="8" />
  <time id="69" path="/No Proyecto/PSP2 Entrega 2/Postmortem" start="@1433219604000" delta="3" />
  <time id="70" path="/No Proyecto/PSP2 Entrega 2/Code Review" start="@1433218021000" delta="5" />
  <time id="71" path="/No Proyecto/PSP2 Entrega 2/Compile" start="@1433218090000" delta="2" />
  <time id="72" path="/No Proyecto/PSP2 Entrega 2/Test" start="@1433218342000" delta="3" />
</timeLogEntries>
