<?xml version='1.0' encoding='UTF-8' ?>
<timeLogEntries>
  <time id="38" path="/No Proyecto/PSP2_entrega1/Planning" start="@1429049753000" delta="130" flag="A" />
  <time id="39" path="/No Proyecto/PSP2_entrega1/Planning" start="@1429233010000" delta="200" flag="A" />
  <time id="40" path="/No Proyecto/PSP2_entrega1/Planning" start="@1429586529000" delta="80" flag="A" />
  <time id="41" path="/No Proyecto/PSP2_entrega1/Planning" start="@1431264199000" delta="50" flag="A" />
  <time id="42" path="/No Proyecto/PSP2_entrega1/Design" start="@1431010812000" delta="55" interrupt="80" flag="A" />
  <time id="43" path="/No Proyecto/PSP2_entrega1/Design" start="@1431275089000" interrupt="76" flag="A" />
  <time id="44" path="/No Proyecto/PSP2_entrega1/Design Review" start="@1431283057000" delta="30" flag="A" />
  <time id="45" path="/No Proyecto/PSP2_entrega1/Code" start="@1431286929000" delta="16" flag="A" />
  <time id="46" path="/No Proyecto/PSP2_entrega1/Code" start="@1431299057000" delta="40" flag="A" />
  <time id="47" path="/No Proyecto/PSP2_entrega1/Code" start="@1431315775000" delta="50" flag="A" />
  <time id="48" path="/No Proyecto/PSP2_entrega1/Code" start="@1431722320000" delta="270" flag="A" />
  <time id="49" path="/No Proyecto/PSP2_entrega1/Code Review" start="@1431750859000" delta="15" flag="A" />
  <time id="50" path="/No Proyecto/PSP2_entrega1/Compile" start="@1431751802000" delta="3" flag="A" />
  <time id="51" path="/No Proyecto/PSP2_entrega1/Test" start="@1431791759000" delta="26" flag="A" />
  <time id="52" path="/No Proyecto/PSP2_entrega1/Postmortem" start="@1431804253000" delta="10" flag="A" />
</timeLogEntries>
