<?xml version='1.0' encoding='UTF-8' ?>
<timeLogEntries>
  <time id="1" path="/No Proyecto/PSP0/Planning" start="@1424224032296" delta="18" />
  <time id="2" path="/No Proyecto/PSP0/Design" start="@1424225086618" delta="1" />
  <time id="3" path="/No Proyecto/PSP0/Design" start="@1424225246807" delta="12" interrupt="3" />
  <time id="4" path="/No Proyecto/PSP0/Code" start="@1424226213873" delta="30" interrupt="4" />
  <time id="5" path="/No Proyecto/PSP0/Code" start="@1424230659904" delta="5" />
  <time id="6" path="/No Proyecto/PSP0/Code" start="@1424231404503" delta="41" interrupt="4" />
  <time id="7" path="/No Proyecto/PSP0/Code" start="@1424234583259" delta="41" interrupt="4" />
  <time id="8" path="/No Proyecto/PSP0/Code" start="@1424237848646" delta="4" />
  <time id="9" path="/No Proyecto/PSP0/Code" start="@1424238717453" delta="17" interrupt="3" />
  <time id="10" path="/No Proyecto/PSP0/Code" start="@1424240195637" delta="10" />
  <time id="11" path="/No Proyecto/PSP0/Code" start="@1424241979837" delta="3" />
  <time id="12" path="/No Proyecto/PSP0/Compile" start="@1424242166141" delta="7" />
  <time id="13" path="/No Proyecto/PSP0/Test" start="@1424242588979" delta="10" />
  <time id="16" path="/No Proyecto/PSP0/Postmortem" start="@1424242860000" delta="15" />
  <time id="17" path="/No Proyecto/PSP1/Planning" start="@1428872380545" delta="12" interrupt="4" />
  <time id="18" path="/No Proyecto/PSP1/Planning" start="@1428873498106" delta="2" />
  <time id="19" path="/No Proyecto/PSP1/Design" start="@1428873647889" delta="4" interrupt="1" />
  <time id="20" path="/No Proyecto/PSP1/Design" start="@1428874488001" delta="5" />
  <time id="21" path="/No Proyecto/PSP1/Code" start="@1429489477126" delta="109" />
  <time id="22" path="/No Proyecto/PSP1/Compile" start="@1429496042891" delta="5" />
  <time id="23" path="/No Proyecto/PSP1/Test" start="@1429496330965" delta="1" />
  <time id="24" path="/No Proyecto/PSP1/Postmortem" start="@1429496420460" delta="17" />
  <time id="25" path="/No Proyecto/PSP2/Planning" start="@1431047131000" delta="9" />
  <time id="26" path="/No Proyecto/PSP2/Design" start="@1431047712000" delta="10" />
  <time id="27" path="/No Proyecto/PSP2/Design Review" start="@1431048378000" delta="5" />
  <time id="28" path="/No Proyecto/PSP2/Code" start="@1431048468000" delta="15" />
  <time id="29" path="/No Proyecto/PSP2/Code" start="@1431050372000" delta="25" />
  <time id="30" path="/No Proyecto/PSP2/Code" start="@1431051138000" delta="45" />
  <time id="31" path="/No Proyecto/PSP2/Code" start="@1431056243000" delta="12" />
  <time id="32" path="/No Proyecto/PSP2/Code" start="@1431057178000" delta="30" />
  <time id="33" path="/No Proyecto/PSP2/Code" start="@1431060048000" delta="45" />
  <time id="34" path="/No Proyecto/PSP2/Code Review" start="@1431060236000" delta="7" />
  <time id="35" path="/No Proyecto/PSP2/Compile" start="@1431060662000" delta="1" />
  <time id="36" path="/No Proyecto/PSP2/Test" start="@1431060888000" delta="13" />
  <time id="37" path="/No Proyecto/PSP2/Postmortem" start="@1431062852000" delta="18" />
</timeLogEntries>
